Time_Stamp,Gender,Faculty,Clothing_Buy_Rate,Is_In_Fashion,Same_Cloth_Freq,Cloth_Retain_Knowledge,Damaged_Case,Online_Shopping_Rate,Shopping_Method,Things_Retain_Knowledge,Second_Hand_Market_Interest,Interest_Category
"4/9/2024, 18:55:00",หญิง,คณะสถาปัตยกรรมศาสตร์,1-3 ชิ้น,ใช่คับ✅,มากกว่า 10 ครั้ง,ปานกลาง,ซ่อม,เป็นประจำ,ออนไลน์,รู้,ชอบบบบบบ,เสื้อผ้า
"5/9/2024, 9:56:03",ชาย,คณะรัฐศาสตร์,ไม่ได้ซื้อ,ไม่❌,มากกว่า 10 ครั้ง,ปานกลาง,ซ่อม,ไม่ซื้อเลย,ไปซื้อที่ร้าน,รู้,ไม่!,ไม่เคยเดิน
"5/9/2024, 9:56:29",หญิง,คณะอักษรศาสตร์,1-3 ชิ้น,ไม่❌,4-6 ครั้ง,ปานกลาง,"ซ่อม, ส่งต่อให้ผู้อื่น",ซื้อบ้างแต่ไม่บ่อย,"ออนไลน์, ไปซื้อที่ร้าน",รู้,ชอบบบบบบ,เสื้อผ้า
"5/9/2024, 9:58:05",LGBTQI+,คณะวิศวกรรมศาสตร์,ไม่ได้ซื้อ,ไม่❌,7-9 ครั้ง,ปานกลาง,ทิ้ง,ซื้อบ้างแต่ไม่บ่อย,ออนไลน์,ไม่รู้,ชอบบบบบบ,เสื้อผ้า
"5/9/2024, 10:51:52",หญิง,คณะอักษรศาสตร์,1-3 ชิ้น,ไม่❌,มากกว่า 10 ครั้ง,ปานกลาง,ซ่อม,ซื้อบ้างแต่ไม่บ่อย,ออนไลน์,รู้,ชอบบบบบบ,เสื้อผ้า
"5/9/2024, 10:55:38",ชาย,คณะครุศาสตร์,1-3 ชิ้น,ไม่❌,มากกว่า 10 ครั้ง,ปานกลาง,ส่งต่อให้ผู้อื่น,ซื้อบ้างแต่ไม่บ่อย,ออนไลน์,รู้,ชอบบบบบบ,เสื้อผ้า
"5/9/2024, 10:55:44",ชาย,คณะครุศาสตร์,1-3 ชิ้น,ไม่❌,มากกว่า 10 ครั้ง,ปานกลาง,ซ่อม,ซื้อบ้างแต่ไม่บ่อย,ไปซื้อที่ร้าน,รู้,ชอบบบบบบ,อะไหล่รถจักรยานยนต์
"5/9/2024, 10:57:11",ชาย,คณะครุศาสตร์,ไม่ได้ซื้อ,ไม่❌,มากกว่า 10 ครั้ง,ปานกลาง,ซ่อม,ไม่ค่อยซื้อ,ออนไลน์,ไม่รู้,เฉยๆ,เสื้อผ้า
"5/9/2024, 11:06:18",หญิง,คณะวิศวกรรมศาสตร์,4-6 ชิ้น,ใช่คับ✅,7-9 ครั้ง,ปานกลาง,"ซ่อม, ทิ้ง",เป็นประจำ,ออนไลน์,ไม่รู้,ชอบบบบบบ,เสื้อผ้า
"5/9/2024, 11:11:25",หญิง,คณะวิศวกรรมศาสตร์,1-3 ชิ้น,ใช่คับ✅,มากกว่า 10 ครั้ง,ปานกลาง,ซ่อม,ซื้อบ้างแต่ไม่บ่อย,ออนไลน์,รู้,เฉยๆ,เสื้อผ้า
"5/9/2024, 11:15:58",หญิง,คณะวิศวกรรมศาสตร์,1-3 ชิ้น,ใช่คับ✅,มากกว่า 10 ครั้ง,ปานกลาง,"ซ่อม, ดองไว้ในตู้และหวังว่าจะมีโอกาสซ่อม",เป็นประจำ,"ออนไลน์, ไปซื้อที่ร้าน",ไม่รู้,ชอบบบบบบ,เสื้อผ้า
"5/9/2024, 11:18:57",หญิง,คณะพาณิชยศาสตร์และการบัญชี,"1-3 ชิ้น, 4-6 ชิ้น",ไม่❌,มากกว่า 10 ครั้ง,ปานกลาง,"ซ่อม, ส่งต่อให้ผู้อื่น",ซื้อบ้างแต่ไม่บ่อย,"ออนไลน์, ไปซื้อที่ร้าน",รู้,ชอบบบบบบ,เสื้อผ้า
"5/9/2024, 11:19:01",หญิง,คณะสถาปัตยกรรมศาสตร์,1-3 ชิ้น,ไม่❌,1-3 ครั้ง,มาก,ทิ้ง,ซื้อบ้างแต่ไม่บ่อย,ออนไลน์,รู้,ชอบบบบบบ,เสื้อผ้า
"5/9/2024, 11:23:00",LGBTQI+,คณะรัฐศาสตร์,1-3 ชิ้น,ใช่คับ✅,มากกว่า 10 ครั้ง,น้อย,ส่งต่อให้ผู้อื่น,ซื้อบ้างแต่ไม่บ่อย,"ออนไลน์, ไปซื้อที่ร้าน",ไม่รู้,ชอบบบบบบ,เสื้อผ้า
"5/9/2024, 11:23:11",หญิง,คณะวิทยาศาสตร์,1-3 ชิ้น,ไม่❌,มากกว่า 10 ครั้ง,น้อย,"ซ่อม, ส่งต่อให้ผู้อื่น",ไม่ค่อยซื้อ,ไปซื้อที่ร้าน,ไม่รู้,ชอบบบบบบ,เสื้อผ้า
"5/9/2024, 11:25:13",LGBTQI+,คณะวิศวกรรมศาสตร์,1-3 ชิ้น,ไม่❌,มากกว่า 10 ครั้ง,น้อย,ซ่อม,ซื้อบ้างแต่ไม่บ่อย,ออนไลน์,ไม่รู้,ชอบบบบบบ,เสื้อผ้า
"5/9/2024, 11:27:47",หญิง,คณะอักษรศาสตร์,ไม่ได้ซื้อ,ใช่คับ✅,มากกว่า 10 ครั้ง,ปานกลาง,ซ่อม,เป็นประจำ,"ออนไลน์, ไปซื้อที่ร้าน",รู้,ชอบบบบบบ,เสื้อผ้า
"5/9/2024, 11:39:51",ชาย,คณะวิศวกรรมศาสตร์,1-3 ชิ้น,ใช่คับ✅,มากกว่า 10 ครั้ง,ปานกลาง,ส่งต่อให้ผู้อื่น,เป็นประจำ,ออนไลน์,ไม่รู้,ชอบบบบบบ,เสื้อผ้า
"5/9/2024, 11:50:36",หญิง,คณะพยาบาลศาสตร์,มากกว่า 10 ชิ้น,ใช่คับ✅,"4-6 ครั้ง, มากกว่า 10 ครั้ง",มาก,ซ่อม,เป็นประจำ,ออนไลน์,รู้,ชอบบบบบบ,ทุกอย่าง
"5/9/2024, 11:55:23",หญิง,คณะสหเวชศาสตร์,1-3 ชิ้น,ใช่คับ✅,มากกว่า 10 ครั้ง,ปานกลาง,ส่งต่อให้ผู้อื่น,ไม่ค่อยซื้อ,ไปซื้อที่ร้าน,รู้,ชอบบบบบบ,เสื้อผ้า
"5/9/2024, 11:59:10",ชาย,คณะรัฐศาสตร์,1-3 ชิ้น,ไม่❌,มากกว่า 10 ครั้ง,มาก,ส่งต่อให้ผู้อื่น,ซื้อบ้างแต่ไม่บ่อย,ไปซื้อที่ร้าน,รู้,ชอบบบบบบ,เสื้อผ้า
"5/9/2024, 12:03:36",หญิง,คณะอักษรศาสตร์,ไม่ได้ซื้อ,ไม่❌,มากกว่า 10 ครั้ง,ปานกลาง,"ซ่อม, ส่งต่อให้ผู้อื่น, ขึ้นอยู่กับความชำรุดและประเภทของผ้า อาจจะเอามาทำผ้าขี้ริ้ว",ซื้อบ้างแต่ไม่บ่อย,"ออนไลน์, ไปซื้อที่ร้าน",รู้,ชอบบบบบบ,ทุกอย่าง
"5/9/2024, 12:05:11",หญิง,คณะวิทยาศาสตร์,4-6 ชิ้น,ใช่คับ✅,มากกว่า 10 ครั้ง,น้อย,ทิ้ง,เป็นประจำ,"ออนไลน์, ไปซื้อที่ร้าน",ไม่รู้,เฉยๆ,เสื้อผ้า
"5/9/2024, 12:09:32",,คณะครุศาสตร์,ไม่ได้ซื้อ,ไม่❌,มากกว่า 10 ครั้ง,น้อย,"ซ่อม, ส่งต่อให้ผู้อื่น",ซื้อบ้างแต่ไม่บ่อย,"ออนไลน์, ไปซื้อที่ร้าน",รู้,เฉยๆ,เสื้อผ้า
"5/9/2024, 12:10:09",หญิง,คณะพาณิชยศาสตร์และการบัญชี,1-3 ชิ้น,ใช่คับ✅,มากกว่า 10 ครั้ง,ปานกลาง,ส่งต่อให้ผู้อื่น,เป็นประจำ,"ออนไลน์, ไปซื้อที่ร้าน",ไม่รู้,เฉยๆ,เสื้อผ้า
"5/9/2024, 12:11:03",ชาย,คณะวิศวกรรมศาสตร์,4-6 ชิ้น,ไม่❌,มากกว่า 10 ครั้ง,ปานกลาง,ส่งต่อให้ผู้อื่น,ซื้อบ้างแต่ไม่บ่อย,ออนไลน์,ไม่รู้,ไม่!,สิ่งของเครื่องใช้
"5/9/2024, 12:12:19",หญิง,คณะอักษรศาสตร์,ไม่ได้ซื้อ,ไม่❌,7-9 ครั้ง,มาก,"ซ่อม, ส่งต่อให้ผู้อื่น",ซื้อบ้างแต่ไม่บ่อย,"ออนไลน์, ไปซื้อที่ร้าน",รู้,เฉยๆ,สิ่งของเครื่องใช้
"5/9/2024, 12:12:19",ชาย,คณะครุศาสตร์,4-6 ชิ้น,ไม่❌,7-9 ครั้ง,ปานกลาง,ซ่อม,เป็นประจำ,"ออนไลน์, ไปซื้อที่ร้าน",ไม่รู้,ชอบบบบบบ,เสื้อผ้า
"5/9/2024, 12:13:00",หญิง,คณะนิติศาสตร์,4-6 ชิ้น,ใช่คับ✅,4-6 ครั้ง,ปานกลาง,ซ่อม,เป็นประจำ,ออนไลน์,รู้,ชอบบบบบบ,เสื้อผ้า
"5/9/2024, 12:22:19",หญิง,คณะพาณิชยศาสตร์และการบัญชี,1-3 ชิ้น,ใช่คับ✅,มากกว่า 10 ครั้ง,ปานกลาง,ซ่อม,ซื้อบ้างแต่ไม่บ่อย,"ออนไลน์, ไปซื้อที่ร้าน",รู้,ชอบบบบบบ,เสื้อผ้า
"5/9/2024, 12:23:16",หญิง,คณะเศรษฐศาสตร์,1-3 ชิ้น,ใช่คับ✅,มากกว่า 10 ครั้ง,ปานกลาง,ซ่อม,ซื้อบ้างแต่ไม่บ่อย,ไปซื้อที่ร้าน,รู้,เฉยๆ,เสื้อผ้า
"5/9/2024, 12:25:25",ชาย,คณะเศรษฐศาสตร์,1-3 ชิ้น,ไม่❌,มากกว่า 10 ครั้ง,น้อย,ทิ้ง,ซื้อบ้างแต่ไม่บ่อย,ออนไลน์,ไม่รู้,เฉยๆ,เสื้อผ้า
"5/9/2024, 12:28:16",หญิง,คณะวิทยาศาสตร์,1-3 ชิ้น,ใช่คับ✅,4-6 ครั้ง,ปานกลาง,ซ่อม,เป็นประจำ,ออนไลน์,รู้,เฉยๆ,เสื้อผ้า
"5/9/2024, 12:32:37",หญิง,คณะครุศาสตร์,1-3 ชิ้น,ไม่❌,มากกว่า 10 ครั้ง,น้อย,"ซ่อม, ส่งต่อให้ผู้อื่น",ซื้อบ้างแต่ไม่บ่อย,ออนไลน์,รู้,ชอบบบบบบ,เสื้อผ้า
"5/9/2024, 12:33:11",ชาย,คณะพาณิชยศาสตร์และการบัญชี,1-3 ชิ้น,ไม่❌,1-3 ครั้ง,น้อย,ทิ้ง,ไม่ค่อยซื้อ,"ออนไลน์, ไปซื้อที่ร้าน",รู้,ชอบบบบบบ,เสื้อผ้า
"5/9/2024, 12:34:23",หญิง,คณะสถาปัตยกรรมศาสตร์,1-3 ชิ้น,ใช่คับ✅,มากกว่า 10 ครั้ง,ปานกลาง,ซ่อม,เป็นประจำ,ออนไลน์,รู้,ชอบบบบบบ,เสื้อผ้า
"5/9/2024, 12:36:15",หญิง,คณะนิติศาสตร์,ไม่ได้ซื้อ,ไม่❌,มากกว่า 10 ครั้ง,มาก,"ซ่อม, ส่งต่อให้ผู้อื่น",ไม่ค่อยซื้อ,ไปซื้อที่ร้าน,รู้,ชอบบบบบบ,เสื้อผ้า
"5/9/2024, 12:37:36",หญิง,บุคคลากรภายในมหาวิทยาลัย,1-3 ชิ้น,ไม่❌,มากกว่า 10 ครั้ง,ปานกลาง,"ทิ้ง, ",ไม่ค่อยซื้อ,ออนไลน์,ไม่รู้,ชอบบบบบบ,เสื้อผ้า
"5/9/2024, 12:48:46",หญิง,คณะครุศาสตร์,1-3 ชิ้น,ใช่คับ✅,มากกว่า 10 ครั้ง,น้อย,ซ่อม,เป็นประจำ,ออนไลน์,รู้,เฉยๆ,สิ่งของเครื่องใช้
"5/9/2024, 12:56:49",หญิง,คณะอักษรศาสตร์,1-3 ชิ้น,ไม่❌,มากกว่า 10 ครั้ง,ปานกลาง,ซ่อม,ไม่ค่อยซื้อ,ไปซื้อที่ร้าน,รู้,ชอบบบบบบ,เสื้อผ้า
"5/9/2024, 12:57:29",หญิง,คณะครุศาสตร์,1-3 ชิ้น,ไม่❌,มากกว่า 10 ครั้ง,ปานกลาง,ซ่อม,ซื้อบ้างแต่ไม่บ่อย,"ออนไลน์, ไปซื้อที่ร้าน",รู้,ชอบบบบบบ,เสื้อผ้า
"5/9/2024, 12:58:35",หญิง,คณะอักษรศาสตร์,1-3 ชิ้น,ไม่❌,มากกว่า 10 ครั้ง,ปานกลาง,ซ่อม,ซื้อบ้างแต่ไม่บ่อย,"ออนไลน์, ไปซื้อที่ร้าน",รู้,เฉยๆ,สิ่งของเครื่องใช้
"5/9/2024, 12:58:46",LGBTQI+,คณะวิทยาศาสตร์,7-9 ชิ้น,ไม่❌,มากกว่า 10 ครั้ง,น้อย,"ซ่อม, ส่งต่อให้ผู้อื่น",เป็นประจำ,ออนไลน์,รู้,ชอบบบบบบ,เสื้อผ้า
"5/9/2024, 13:09:50",หญิง,คณะแพทยศาสตร์,4-6 ชิ้น,ใช่คับ✅,มากกว่า 10 ครั้ง,ปานกลาง,ทิ้ง,เป็นประจำ,ออนไลน์,รู้,ชอบบบบบบ,เสื้อผ้า
"5/9/2024, 13:11:56",LGBTQI+,คณะครุศาสตร์,1-3 ชิ้น,ใช่คับ✅,มากกว่า 10 ครั้ง,น้อย,ทิ้ง,ไม่ซื้อเลย,ไปซื้อที่ร้าน,ไม่รู้,ชอบบบบบบ,เสื้อผ้า
"5/9/2024, 13:12:41",ชาย,คณะวิศวกรรมศาสตร์,ไม่ได้ซื้อ,ไม่❌,มากกว่า 10 ครั้ง,ปานกลาง,ทิ้ง,ซื้อบ้างแต่ไม่บ่อย,ออนไลน์,รู้,เฉยๆ,เครื่องประดับ
"5/9/2024, 13:14:47",หญิง,คณะครุศาสตร์,1-3 ชิ้น,ใช่คับ✅,มากกว่า 10 ครั้ง,ปานกลาง,ซ่อม,ซื้อบ้างแต่ไม่บ่อย,ออนไลน์,รู้,เฉยๆ,เสื้อผ้า
"5/9/2024, 13:16:34",หญิง,คณะครุศาสตร์,1-3 ชิ้น,ใช่คับ✅,มากกว่า 10 ครั้ง,ปานกลาง,ซ่อม,เป็นประจำ,"ออนไลน์, ไปซื้อที่ร้าน",รู้,ชอบบบบบบ,เสื้อผ้า
"5/9/2024, 13:19:06",หญิง,คณะครุศาสตร์,"4-6 ชิ้น, มากกว่า 10 ชิ้น",ใช่คับ✅,"1-3 ครั้ง, 4-6 ครั้ง",ปานกลาง,ซ่อม,เป็นประจำ,ออนไลน์,รู้,"เฉยๆ, ไม่!",เสื้อผ้า
"5/9/2024, 13:19:19",หญิง,คณะครุศาสตร์,1-3 ชิ้น,ไม่❌,มากกว่า 10 ครั้ง,ปานกลาง,ซ่อม,เป็นประจำ,ออนไลน์,รู้,ชอบบบบบบ,เสื้อผ้า
"5/9/2024, 13:22:53",ชาย,คณะวิศวกรรมศาสตร์,1-3 ชิ้น,ไม่❌,มากกว่า 10 ครั้ง,น้อย,ทิ้ง,เป็นประจำ,ออนไลน์,ไม่รู้,เฉยๆ,เสื้อผ้า
"5/9/2024, 13:25:05",หญิง,คณะครุศาสตร์,4-6 ชิ้น,ไม่❌,มากกว่า 10 ครั้ง,ปานกลาง,ซ่อม,ซื้อบ้างแต่ไม่บ่อย,"ออนไลน์, ไปซื้อที่ร้าน",รู้,เฉยๆ,สิ่งของเครื่องใช้
"5/9/2024, 13:30:27",ชาย,คณะนิเทศศาสตร์,1-3 ชิ้น,ไม่❌,มากกว่า 10 ครั้ง,ปานกลาง,ซ่อม,ไม่ค่อยซื้อ,ไปซื้อที่ร้าน,รู้,ชอบบบบบบ,เสื้อผ้า
"5/9/2024, 13:31:45",หญิง,คณะศิลปกรรมศาสตร์,1-3 ชิ้น,ใช่คับ✅,มากกว่า 10 ครั้ง,มาก,ซ่อม,ซื้อบ้างแต่ไม่บ่อย,ไปซื้อที่ร้าน,รู้,ชอบบบบบบ,เสื้อผ้า
"5/9/2024, 13:33:20",ชาย,คณะครุศาสตร์,ไม่ได้ซื้อ,ไม่❌,มากกว่า 10 ครั้ง,ปานกลาง,ซ่อม,ไม่ซื้อเลย,ไปซื้อที่ร้าน,ไม่รู้,เฉยๆ,สิ่งของเครื่องใช้
"5/9/2024, 13:36:20",หญิง,คณะวิศวกรรมศาสตร์,1-3 ชิ้น,ใช่คับ✅,7-9 ครั้ง,ปานกลาง,ซ่อม,เป็นประจำ,ออนไลน์,รู้,ชอบบบบบบ,เสื้อผ้า
"5/9/2024, 13:40:04",หญิง,คณะครุศาสตร์,4-6 ชิ้น,ใช่คับ✅,มากกว่า 10 ครั้ง,ปานกลาง,"ซ่อม, ส่งต่อให้ผู้อื่น",เป็นประจำ,ออนไลน์,รู้,ชอบบบบบบ,เสื้อผ้า
"5/9/2024, 13:40:18",ชาย,คณะครุศาสตร์,1-3 ชิ้น,ไม่❌,มากกว่า 10 ครั้ง,มาก,ส่งต่อให้ผู้อื่น,ซื้อบ้างแต่ไม่บ่อย,"ออนไลน์, ไปซื้อที่ร้าน",รู้,ชอบบบบบบ,เสื้อผ้า
"5/9/2024, 13:41:06",หญิง,คณะครุศาสตร์,1-3 ชิ้น,ไม่❌,มากกว่า 10 ครั้ง,ปานกลาง,เก็บไว้แต่ไม่ได้นำมาใส่,เป็นประจำ,ออนไลน์,รู้,ชอบบบบบบ,เสื้อผ้า
"5/9/2024, 13:42:53",หญิง,คณะครุศาสตร์,1-3 ชิ้น,ใช่คับ✅,1-3 ครั้ง,ปานกลาง,ซ่อม,ซื้อบ้างแต่ไม่บ่อย,ออนไลน์,รู้,ชอบบบบบบ,เสื้อผ้า
"5/9/2024, 13:45:14",หญิง,คณะครุศาสตร์,1-3 ชิ้น,ใช่คับ✅,ไม่ใส่ซ้ำ,ปานกลาง,ซ่อม,ไม่ค่อยซื้อ,"ออนไลน์, ไปซื้อที่ร้าน",รู้,ชอบบบบบบ,สิ่งของเครื่องใช้
"5/9/2024, 13:46:07",ชาย,คณะเศรษฐศาสตร์,1-3 ชิ้น,ใช่คับ✅,มากกว่า 10 ครั้ง,มาก,"ซ่อม, ส่งต่อให้ผู้อื่น",เป็นประจำ,"ออนไลน์, ไปซื้อที่ร้าน",รู้,ชอบบบบบบ,เสื้อผ้า
"5/9/2024, 13:48:25",ชาย,คณะวิศวกรรมศาสตร์,1-3 ชิ้น,ใช่คับ✅,"ไม่ใส่ซ้ำ, 1-3 ครั้ง",ปานกลาง,ซ่อม,ซื้อบ้างแต่ไม่บ่อย,"ออนไลน์, ไปซื้อที่ร้าน",รู้,ชอบบบบบบ,เสื้อผ้า
"5/9/2024, 13:53:45",LGBTQI+,คณะครุศาสตร์,4-6 ชิ้น,ใช่คับ✅,7-9 ครั้ง,ปานกลาง,"ซ่อม, ส่งต่อให้ผู้อื่น",เป็นประจำ,"ออนไลน์, ไปซื้อที่ร้าน",รู้,เฉยๆ,เสื้อผ้า
"5/9/2024, 14:07:23",ชาย,คณะวิทยาศาสตร์การกีฬา,ไม่ได้ซื้อ,ไม่❌,มากกว่า 10 ครั้ง,มาก,ซ่อม,เป็นประจำ,"ออนไลน์, ไปซื้อที่ร้าน",รู้,ชอบบบบบบ,เสื้อผ้า
"5/9/2024, 14:07:55",ชาย,คณะรัฐศาสตร์,1-3 ชิ้น,ไม่❌,7-9 ครั้ง,ปานกลาง,ซ่อม,เป็นประจำ,"ออนไลน์, ไปซื้อที่ร้าน",ไม่รู้,ชอบบบบบบ,เสื้อผ้า
"5/9/2024, 14:17:34",หญิง,คณะศิลปกรรมศาสตร์,1-3 ชิ้น,ใช่คับ✅,มากกว่า 10 ครั้ง,น้อย,ถ้าเป็นตัวโปรดจะซ่อมครับ แต่ถ้าไม่ก็จะส่งต่อให้ผู้อื่น หรือถ้าไม่สามารถส่งต่อได้จริงๆเพราะชำรุดมากเกิน ก็จะทิ้งครับ,ซื้อบ้างแต่ไม่บ่อย,ออนไลน์,ไม่รู้,ชอบบบบบบ,เสื้อผ้า
"5/9/2024, 14:23:19",หญิง,คณะครุศาสตร์,ไม่ได้ซื้อ,ใช่คับ✅,7-9 ครั้ง,ปานกลาง,ซ่อม,ซื้อบ้างแต่ไม่บ่อย,ออนไลน์,รู้,เฉยๆ,เสื้อผ้า
"5/9/2024, 14:30:04",LGBTQI+,คณะวิทยาศาสตร์,ไม่ได้ซื้อ,ไม่❌,มากกว่า 10 ครั้ง,น้อย,"ซ่อม, ทิ้ง",ไม่ซื้อเลย,ไปซื้อที่ร้าน,รู้,ชอบบบบบบ,เสื้อผ้า
"5/9/2024, 14:39:49",หญิง,คณะวิทยาศาสตร์,ไม่ได้ซื้อ,ไม่❌,มากกว่า 10 ครั้ง,ปานกลาง,ซ่อม,เป็นประจำ,ไปซื้อที่ร้าน,รู้,ชอบบบบบบ,เสื้อผ้า
"5/9/2024, 14:52:40",หญิง,คณะอักษรศาสตร์,1-3 ชิ้น,ไม่❌,มากกว่า 10 ครั้ง,มาก,"ซ่อม, ส่งต่อให้ผู้อื่น",ซื้อบ้างแต่ไม่บ่อย,ไปซื้อที่ร้าน,รู้,ชอบบบบบบ,เสื้อผ้า
"5/9/2024, 14:57:24",หญิง,คณะจิตวิทยา,1-3 ชิ้น,ใช่คับ✅,มากกว่า 10 ครั้ง,ปานกลาง,ส่งต่อให้ผู้อื่น,ซื้อบ้างแต่ไม่บ่อย,ออนไลน์,รู้,เฉยๆ,สิ่งของเครื่องใช้
"5/9/2024, 15:32:50",ชาย,คณะวิศวกรรมศาสตร์,1-3 ชิ้น,ไม่❌,1-3 ครั้ง,มาก,ทิ้ง,ซื้อบ้างแต่ไม่บ่อย,ออนไลน์,ไม่รู้,เฉยๆ,เสื้อผ้า
"5/9/2024, 15:46:22",หญิง,คณะครุศาสตร์,1-3 ชิ้น,ใช่คับ✅,มากกว่า 10 ครั้ง,ปานกลาง,ซ่อม,ซื้อบ้างแต่ไม่บ่อย,ออนไลน์,ไม่รู้,ชอบบบบบบ,เสื้อผ้า
"5/9/2024, 16:09:49",หญิง,คณะรัฐศาสตร์,1-3 ชิ้น,,มากกว่า 10 ครั้ง,ปานกลาง,ซ่อม,ซื้อบ้างแต่ไม่บ่อย,"ออนไลน์, ไปซื้อที่ร้าน",รู้,เฉยๆ,เสื้อผ้า
"5/9/2024, 16:29:55",ชาย,คณะวิทยาศาสตร์,1-3 ชิ้น,ใช่คับ✅,"4-6 ครั้ง, 7-9 ครั้ง, มากกว่า 10 ครั้ง",ปานกลาง,ซ่อม,ซื้อบ้างแต่ไม่บ่อย,"ออนไลน์, ไปซื้อที่ร้าน",รู้,ชอบบบบบบ,เทปคาสเซ็ท
"5/9/2024, 16:49:50",หญิง,คณะพาณิชยศาสตร์และการบัญชี,4-6 ชิ้น,ใช่คับ✅,มากกว่า 10 ครั้ง,ปานกลาง,ซ่อม,ซื้อบ้างแต่ไม่บ่อย,ไปซื้อที่ร้าน,ไม่รู้,เฉยๆ,เสื้อผ้า
"5/9/2024, 16:53:39",หญิง,คณะครุศาสตร์,1-3 ชิ้น,ไม่❌,มากกว่า 10 ครั้ง,ปานกลาง,ซ่อม,เป็นประจำ,"ออนไลน์, ไปซื้อที่ร้าน",ไม่รู้,ชอบบบบบบ,เสื้อผ้า
"5/9/2024, 17:05:14",ชาย,คณะวิทยาศาสตร์,1-3 ชิ้น,ใช่คับ✅,4-6 ครั้ง,น้อย,ทิ้ง,ไม่ค่อยซื้อ,"ออนไลน์, ไปซื้อที่ร้าน",รู้,เฉยๆ,เสื้อผ้า
"5/9/2024, 17:10:15",หญิง,คณะครุศาสตร์,1-3 ชิ้น,ใช่คับ✅,มากกว่า 10 ครั้ง,ปานกลาง,ซ่อม,ไม่ค่อยซื้อ,ไปซื้อที่ร้าน,รู้,ชอบบบบบบ,เสื้อผ้า
"5/9/2024, 17:14:44",LGBTQI+,คณะครุศาสตร์,1-3 ชิ้น,ใช่คับ✅,มากกว่า 10 ครั้ง,ปานกลาง,ทิ้ง,ไม่ค่อยซื้อ,ออนไลน์,รู้,ชอบบบบบบ,เสื้อผ้า
"5/9/2024, 17:16:39",หญิง,คณะสัตวแพทยศาสตร์,1-3 ชิ้น,ไม่❌,มากกว่า 10 ครั้ง,ปานกลาง,ซ่อม,ไม่ค่อยซื้อ,"ออนไลน์, ไปซื้อที่ร้าน",รู้,ชอบบบบบบ,เสื้อผ้า
"5/9/2024, 18:09:00",ชาย,คณะวิศวกรรมศาสตร์,ไม่ได้ซื้อ,,1-3 ครั้ง,น้อย,ทิ้งบ้างซ่อมบ้างตามความเสียหายงับอ้วง,ซื้อบ้างแต่ไม่บ่อย,ออนไลน์,ไม่รู้,เฉยๆ,อ่ะไรขาดก็ซื้ออันนั้น
"5/9/2024, 18:54:11",หญิง,คณะสัตวแพทยศาสตร์,1-3 ชิ้น,ไม่❌,มากกว่า 10 ครั้ง,ปานกลาง,ซ่อม,เป็นประจำ,ออนไลน์,รู้,ชอบบบบบบ,เสื้อผ้า
"5/9/2024, 18:57:26",หญิง,คณะวิศวกรรมศาสตร์,"ไม่ได้ซื้อ, 1-3 ชิ้น, 4-6 ชิ้น",ใช่คับ✅,"1-3 ครั้ง, 4-6 ครั้ง, มากกว่า 10 ครั้ง",ปานกลาง,"ซ่อม, ทิ้ง, ส่งต่อให้ผู้อื่น",ซื้อบ้างแต่ไม่บ่อย,"ออนไลน์, ไปซื้อที่ร้าน",รู้,"ชอบบบบบบ, เฉยๆ",เสื้อผ้า
"5/9/2024, 18:59:54",LGBTQI+,คณะอักษรศาสตร์,1-3 ชิ้น,ไม่❌,มากกว่า 10 ครั้ง,ปานกลาง,ส่งต่อให้ผู้อื่น,ไม่ค่อยซื้อ,"ออนไลน์, ไปซื้อที่ร้าน",ไม่รู้,เฉยๆ,หนังสือ
"5/9/2024, 19:39:44",ชาย,คณะวิศวกรรมศาสตร์,ไม่ได้ซื้อ,ไม่❌,มากกว่า 10 ครั้ง,น้อย,"ทิ้ง, ส่งต่อให้ผู้อื่น",ไม่ซื้อเลย,ไปซื้อที่ร้าน,ไม่รู้,เฉยๆ,สิ่งของเครื่องใช้
"5/9/2024, 20:35:06",หญิง,คณะพาณิชยศาสตร์และการบัญชี,มากกว่า 10 ชิ้น,ใช่คับ✅,1-3 ครั้ง,ปานกลาง,ถ้าชอบมากเกบไว้ซ่อม แต่ถ้าไม่มากก็ขายต่อ,เป็นประจำ,ออนไลน์,ไม่รู้,ชอบบบบบบ,เสื้อผ้า
"5/9/2024, 21:34:34",ชาย,คณะครุศาสตร์,ไม่ได้ซื้อ,ไม่❌,มากกว่า 10 ครั้ง,มาก,ซ่อม,ซื้อบ้างแต่ไม่บ่อย,ไปซื้อที่ร้าน,รู้,เฉยๆ,เสื้อผ้า
"6/9/2024, 0:16:22",หญิง,คณะสหเวชศาสตร์,1-3 ชิ้น,ไม่❌,มากกว่า 10 ครั้ง,ปานกลาง,"ซ่อม, ทิ้ง",ซื้อบ้างแต่ไม่บ่อย,"ออนไลน์, ไปซื้อที่ร้าน",รู้,ชอบบบบบบ,เสื้อผ้า
"6/9/2024, 1:41:44",หญิง,คณะวิศวกรรมศาสตร์,1-3 ชิ้น,ใช่คับ✅,มากกว่า 10 ครั้ง,น้อย,"ซ่อม, ส่งต่อให้ผู้อื่น",เป็นประจำ,"ออนไลน์, ไปซื้อที่ร้าน","รู้, ไม่รู้",ไม่!,
"6/9/2024, 6:54:18",หญิง,คณะรัฐศาสตร์,4-6 ชิ้น,ใช่คับ✅,มากกว่า 10 ครั้ง,ปานกลาง,ซ่อม,ซื้อบ้างแต่ไม่บ่อย,"ออนไลน์, ไปซื้อที่ร้าน",รู้,ชอบบบบบบ,เสื้อผ้า
"6/9/2024, 8:25:48",หญิง,คณะวิทยาศาสตร์,1-3 ชิ้น,ใช่คับ✅,มากกว่า 10 ครั้ง,น้อย,"ซ่อม, ส่งต่อให้ผู้อื่น",เป็นประจำ,ไปซื้อที่ร้าน,ไม่รู้,ชอบบบบบบ,สิ่งของเครื่องใช้
"6/9/2024, 8:29:36",หญิง,คณะนิเทศศาสตร์,ไม่ได้ซื้อ,ไม่❌,มากกว่า 10 ครั้ง,น้อย,"ซ่อม, ส่งต่อให้ผู้อื่น",ซื้อบ้างแต่ไม่บ่อย,ออนไลน์,ไม่รู้,ชอบบบบบบ,เสื้อผ้า
"6/9/2024, 9:50:42",หญิง,คณะพาณิชยศาสตร์และการบัญชี,1-3 ชิ้น,ไม่❌,ไม่ใส่ซ้ำ,ปานกลาง,ซ่อม,ไม่ค่อยซื้อ,"ออนไลน์, ไปซื้อที่ร้าน",รู้,ชอบบบบบบ,เครื่องประดับ
"6/9/2024, 10:25:29",หญิง,คณะสัตวแพทยศาสตร์,ไม่ได้ซื้อ,ไม่❌,มากกว่า 10 ครั้ง,ปานกลาง,ซ่อม,ไม่ค่อยซื้อ,ออนไลน์,รู้,เฉยๆ,เสื้อผ้า
"6/9/2024, 10:26:45",หญิง,คณะสัตวแพทยศาสตร์,1-3 ชิ้น,ไม่❌,มากกว่า 10 ครั้ง,ปานกลาง,ใส่นอน,ซื้อบ้างแต่ไม่บ่อย,ออนไลน์,รู้,เฉยๆ,สิ่งของเครื่องใช้
"6/9/2024, 10:41:24",หญิง,คณะสัตวแพทยศาสตร์,4-6 ชิ้น,ใช่คับ✅,มากกว่า 10 ครั้ง,ปานกลาง,ทิ้ง,เป็นประจำ,ออนไลน์,รู้,เฉยๆ,เสื้อผ้า
"6/9/2024, 10:54:10",หญิง,คณะสัตวแพทยศาสตร์,4-6 ชิ้น,ใช่คับ✅,มากกว่า 10 ครั้ง,ปานกลาง,ซ่อม,เป็นประจำ,"ออนไลน์, ไปซื้อที่ร้าน",รู้,ชอบบบบบบ,เสื้อผ้า
"6/9/2024, 13:04:45",หญิง,คณะครุศาสตร์,1-3 ชิ้น,ไม่❌,มากกว่า 10 ครั้ง,ปานกลาง,ซ่อม,ไม่ค่อยซื้อ,ออนไลน์,รู้,เฉยๆ,เครื่องประดับ